"Item ID","Item Type","Status(es)","Home Location","Current Location","Name","Categories","Color","Default Loan Length","Description","Image","Location Code","Manufacturer","Model","Size"
"B10A0101","Buckle Carriers","","DelCo","DelCo","Beco Gemini Teal Dragonfly","","Teal Dragonfly","30","Brown straps with colorful Beco flower on white background for panel.","","","Beco","Gemini","OS"
"B10A0102","Buckle Carriers","","ChesCo","ChesCo","Beco Gemini Stella Black","","Stella Black","30","Black straps with white on grey Beco flower lace panel.","","","Beco","Gemini","OS"
"B10A0103","Buckle Carriers","","ChesCo","ChesCo","Beco Soleil Levi Grey","","Levi Grey","30","Grey straps with grey/white dandelions on light blue panel.","","","Beco","Soleil","OS"
"B10A0104","Buckle Carriers","","MontCo (City1)","MontCo (City1)","Infantino Union","","Dark grey with black straps","30",".","","","Infantino","Union","OS"
"B10A0105","Buckle Carriers","","DelCo","DelCo","Boba 3G Safari","","Safari","30","khaki/tan colored SSC","","","Boba","3G","OS"
"B10A0106","Buckle Carriers","","MontCo (City1)","MontCo (City1)","Bitty Bean Baby","","lime green","30","<p>Lime green nylon with black mesh and straps</p>","https://myturn-prod-images-in.s3.amazonaws.com/0/1370/item/299142/image/33B7D15A-342A-414B-8467-4968D3BE3C12-D2CDD2E7-8FFE-7D29-8048-40F20FBA7B8F.jpeg","","Bity Bean","ultra compact","OS"
"B10A0107","Buckle Carriers","","Lancaster","Lancaster","Catbird Baby Black","","Metropolitan Black","30","The all black pikkolo carrier offers 4 versatile and ergonomic carrying positions, no infant insert is required, memory foam shoulder straps, an adjustable base and much much more!","","","Catbird Baby","Pikkolo","OS"
"B10A0108","Buckle Carriers","","DelCo","DelCo","Ergo 360","","Grey","30","","","","Ergobaby","360","OS"
"B10A0109","Buckle Carriers","","MontCo (City1)","MontCo (City1)","Boba 3G","","black","30","Limited edition Diaper Dude Black with black pinstripes","","","Boba","Diaper Dude","OS"
"B10A0110","Buckle Carriers","","ChesCo","ChesCo","Ergo Galaxy Grey","","Galaxy Grey","30","","","","Ergobaby","Original","OS"
"B10A0111","Buckle Carriers","","DelCo","DelCo","Ergo Performance Black","","Black","30","Black active fit three position carrier: front-inward, hip, and back.","","","Ergobaby","Performance","OS"
"B10A0112","Buckle Carriers","","Lancaster","Lancaster","Dream Carrier","","light muted green","30","Olive green half buckle","","","Dream Carrier","Kinderpack",""
"B10A0113","Buckle Carriers","","DelCo","DelCo","Lillebaby Complete Brown","","Brown","30","Brown carrier with six carrying positions including a wide-base/narrow-base and ergonomic forward facing option.","","","Lillebaby","Complete","One size"
"B10A0114","Buckle Carriers","","ChesCo","ChesCo","Lillebaby Airflow Black/tan","","Black/Tan","30","LIghtweight, breathable six position carrier, including wide-base/narrow-base and ergonomic forward facing options.","","","Lillebaby","Complete Airflow","OS"
"B10A0115","Buckle Carriers","","ChesCo","ChesCo","Pognae Venice","","Venice Tan/Floral","30","Tan carrier with floral body panel that has zip out panel to reveal breathable mesh fabric to help keep baby cool.","","","Pognae","Baby Carrier","OS"
"B10A0116","Buckle Carriers","","DelCo","DelCo","Scootababy Hip","","Black","30","Quick and easy buckle carrier for hip carries with babies 5 months and up. Goes up to 37 lbs.","","","Scootababy","Hip Carrier","OS"
"B10A0117","Buckle Carriers","","DelCo","","Tula Standard Prepster","","Prepster","30","Blue/green zigzag print on body panel","","","Tula","Full Buckle","Standard"
"B10A0118","Buckle Carriers","","ChesCo","ChesCo","Tula Toddler Spotted Love","","Spotted Love","30","Grey with yellow/white giraffes on body panel.","","","Tula","Full buckle","Toddler"
"B10A0119","Buckle Carriers","","DelCo","DelCo","Lillebaby All Seasons","","Grey","30","","https://myturn-prod-images-in.s3.amazonaws.com/0/1370/item/298787/image/image-241359B7-0765-5B0E-2D93-0358293CBF61.jpg","","Lillebaby","Complete All Seasons","OS"
"B10A0120","Buckle Carriers","","Lancaster","Lancaster","Lillebaby Airflow Tan","","Tan","30","","","","Lillebaby","Complete Airflow","OS"
"B10A0121","Buckle Carriers","","DelCo","DelCo","Baby Bjorn One","","Black","30","","","","Baby Bjorn","One","OS"
"B10A0122","Buckle Carriers","","ChesCo","ChesCo","Lillebaby Complete Birds","","Birds","30","","","","Lillebaby","Complete Original","OS"
"B10A0123","Buckle Carriers","","ChesCo","ChesCo","Beco Toddler City","","Black/white City","30","Black/white city print","","","Beco","Toddler","OS"
"B10A0124","Buckle Carriers","","DelCo","DelCo","Lenny Lamb Soleil Diamond Full Buckle","","Soleil Diamond","30","Red/orange stripes","","","Lenny Lamb","Full Buckle","Baby"
"B10A0125","Buckle Carriers","","DelCo","DelCo","Ergo Karin Frost","","Karin Frost Anniversary Edition","30","","","","Ergobaby","Original","OS"
"B10A0126","Buckle Carriers","","DelCo","DelCo","Infantino Flip Advanced","","Grey","30","Budget buckle carrier grey","","","Infantino","Flip Advanced","OS"
"B10A0127","Buckle Carriers","","ChesCo","ChesCo","Ergo Ventus","","Grey","30","","","","Ergobaby","Performance Ventus","OS"
"B10A0128","Buckle Carriers","","ChesCo","Lancaster","Twingo","","Turquoise/Orange","30","","","","Twingo Carrier","Twin Full Buckle","OS"
"B10A0129","Buckle Carriers","","ChesCo","ChesCo","ABC Standard Red Bikes","","Red Bikes","30","","","","Action Baby Carrier","Full Buckle","Standard"
"B10A0130","Buckle Carriers","","ChesCo","ChesCo","ABC Woodward Toddler","","Grey with vintage cars","30","","","","Action Baby Carrier","Full buckle","Toddler"
"B10A0131","Buckle Carriers","","DelCo","DelCo","Beco Soleil River Espresso","","River Espresso","30","","","","Beco","Soleil","OS"
"B10A0132","Full Buckle Carriers","","ChesCo","ChesCo","Beco Gemini Black","","Black","30","","","","Beco","Gemini","OS"
"B10A0133","Full Buckle Carriers","","ChesCo","ChesCo","Ergo Adapt","","Black","30","","","","Ergobaby","Adapt","OS"
"B10A0134","Full Buckle Carriers","","ChesCo","ChesCo","Tula Standard Navigator","","Navy/white","30","<p>Navy blue with map print</p>","","","Tula Baby","Standard","Standard"
"B10A0135","Full Buckle Carriers","Disabled","DelCo","DelCo","Kinderpack Toddler Winterflower Pop","","Winterflower Pop","30","","","","Kindercarry","Kinderpack","Toddler/Std"
"B10A0136","Full Buckle Carriers","","ChesCo","ChesCo","Mountain Buggy Juno","","Black","30","","","","Mountain Buggy","Juno","One Size"
"B10A0137","Half Buckle Carriers","","ChesCo","ChesCo","XOXO Baby Carrier Call Me Navy","","Call Me Navy","30","","","","XOXO Baby Carrier","Buckle Wrap","OS"
"B10A0138","Full Buckle Carriers","","DelCo","DelCo","Tula Toddler Laguna","","Laguna","30","","","","Tula Baby","Toddler","Toddler"
"B10A0139","Full Buckle Carriers","Disabled","ChesCo","","Kinderpack Standard Aurora","","Aurora","30","","","","Kindercarry","Kinderpack","Std/Std"
"B10A0140","Full Buckle Carriers","Disabled","ChesCo","ChesCo","Kinderpack Toddler Flutter","","Flutter","30","","","","Kindercarry","Kinderpack","Toddler/Std"
"B10A0141","Full Buckle Carriers","","ChesCo","ChesCo","Tula Free-to-Grow Discover","","Discover (black w stars)","30","","","","Tula Baby","Free-to-Grow","OS"
"B10A0142","Full Buckle Carriers","","DelCo","DelCo","EasyFeel Products Dusk Preschool","","Dusk","30","<p>Teal, white, and black zigzag</p>","https://myturn-prod-images-in.s3.amazonaws.com/0/1370/item/298806/image/image-BDEC9A14-6D21-BC4D-1376-C07E88C4CF76.jpg","","EasyProducts","Preschool","Preschool"
"B10A0143","Full Buckle Carriers","","DelCo","DelCo","Tula Free-to-Grow Soar","","Soar (green w birds)","30","","","","Tula","Free-to-Grow","OS"
"B10A0144","Half Buckle Carriers","","DelCo","Lancaster","XOXO Baby Emerald","","Emerald","30","","https://myturn-prod-images-in.s3.amazonaws.com/0/1370/item/298808/image/image-3B0EC780-9BA3-FF6D-DB97-C7513F5DB418.jpg","","XOXO Baby","Buckle Wrap","OS"
"B10A0145","Full Buckle Carriers","","ChesCo","ChesCo","Ergo baby Omni 360","","Pearl Grey","30","<p>Ergo baby Omni 360</p>","","","Ergo baby","Omni 360","OS"
"B10A0151","Buckle Carriers","","MontCo (City1)","MontCo (City1)","Beco Gemini Grey","","Grey","30","","","","Beco","Gemini","OS"
"B10A0152","Buckle Carriers","","South Philly (City2)","MontCo (City1)","Beco Gemini Ellie Grey","","Ellie Grey","30","","","","Beco","Gemini","OS"
"B10A0153","Buckle Carriers","","MontCo (City1)","MontCo (City1)","Beco Soleil River Espresso","","River Espresso","30","","","","Beco","Soleil","One sze"
"B10A0154","Buckle Carriers","","South Philly (City2)","MontCo (City1)","Beco Soleil Stella Black","","Stella Black","30","","","","Beco","Soleil","OS"
"B10A0155","Buckle Carriers","","MontCo (City1)","MontCo (City1)","Catbird Baby Pascale Floral","","Pascale Floral","30","","","","Catbird Baby","Pikkolo","One size"
"B10A0156","Buckle Carriers","","MontCo (City1)","MontCo (City1)","Ergo Galaxy Grey","","Galaxy Grey","30","","","","Ergobaby","Original","OS"
"B10A0157","Buckle Carriers","","South Philly (City2)","MontCo (City1)","Ergo Performance","","Black","30","","","","Ergobaby","Performance","One size"
"B10A0158","Buckle Carriers","","South Philly (City2)","MontCo (City1)","BittyBean","","Black","30","","","","BittyBean","BittyBean","OS"
"B10A0159","Buckle Carriers","","South Philly (City2)","","Lillebaby Complete Black","","Black","30","","","","Lillebaby","Complete","One size"
"B10A0160","Buckle Carriers","To Be Sold","MontCo (City1)","MontCo (City1)","Moby Go","","Grey","30","","","","Moby","Moby Go","OS"
"B10A0161","Buckle Carriers","","MontCo (City1)","MontCo (City1)","Tula Standard Prepster","","Prepster","21","","","","Tula","Full Buckle","Standard"
"B10A0162","Buckle Carriers","","DelCo","DelCo","Beco Toddler Blue Sloth","","Sloth Blue","30","","https://myturn-prod-images-in.s3.amazonaws.com/0/1370/item/299044/image/image-C472E6FC-354B-01EF-8694-7A43DD984EC0.jpg","","Beco","Toddler","OS"
"B10A0163","Buckle Carriers","","MontCo (City1)","South Philly (City2)","Pognae Brown","","brown","30","","","","Pognae","Baby Carrier","OS"
"B10A0164","Buckle Carriers","","South Philly (City2)","","Lillebaby Carry On Navy Ikat","","Navy Ikat","30","","","","Lillebaby","Carry On Original","Toddler"
"B10A0165","Buckle Carriers","","MontCo (City1)","MontCo (City1)","Ergo 360","","Black/tan","30","","","","Ergobaby","360","OS"
"B10A0166","Buckle Carriers","","MontCo (City1)","MontCo (City1)","Tula Toddler Solano","","Solano","30","Orange/tan","","","Tula","Full Buckle","Toddler"
"B10A0167","Buckle Carriers","","South Philly (City2)","MontCo (City1)","ABC Standard Blue Elephants","","Blue Elephants","30","","","","Action Baby Carrier","Full buckle","Standard"
"B10A0168","Buckle Carriers","","South Philly (City2)","MontCo (City1)","ABC Toddler Grey Chevron","","Grey Chevron","30","","","","Action Baby Carrier","Full buckle","Toddler"
"B10A0169","Full Buckle Carriers","Disabled","MontCo (City1)","MontCo (City1)","EF Kinderpack Standard Bicycles","","","30","","","","Kindercarry","Kinderpack","Standard"
"B10A0170","Full Buckle Carriers","","Lancaster","Lancaster","Lillebaby All Seasons Black","","Black","30","","","","Lillebaby","Complete All Seasons","OS"
"B10A0171","Full Buckle Carriers","","MontCo (City1)","MontCo (City1)","Connecta Solarveil Khaki","","Khaki","30","","","","Connecta","Solar","Standard"
"B10A0172","Full Buckle Carriers","","MontCo (City1)","MontCo (City1)","Tula Standard Cloudy","","Grey","30","","","","Tula","Full Buckle","OS"
"B10A0173","Full Buckle Carriers","","South Philly (City2)","South Philly (City2)","Ergobaby Adapt Grey","","Grey","30","","","","Ergobaby","Adapt","One Size"
"B10A0174","Full Buckle Carriers","Disabled","MontCo (City1)","","Kinderpack Toddler, Elephants","","Elephants","30","","","","Kindercarry","Kinderpack","Toddler/Std"
"B10A0175","Full Buckle Carriers","","MontCo (City1)","MontCo (City1)","Tula Free-to-Grow Play","","Play (yellow w hearts)","30","","","","Tula Baby","Free-to-Grow","OS"
"B10A0176","Half Buckle Carriers","","South Philly (City2)","MontCo (City1)","XOXO Baby Carrier Chai Tea Latte","","Chai Tea Latte","30","","","","XOXO Baby Carrier","Buckle Wrap","OS"
"B10A0177","Full Buckle Carriers","","MontCo (City1)","MontCo (City1)","Soul Slings Full Buckle","","Full Moon","30","","","","Soul Slings","Full Buckle","Standard"
"B10A0178","Full Buckle Carriers","","MontCo (City1)","MontCo (City1)","EasyFeel Product Berry Mix","","Berry Mix (rainbow pixelated)","30","","","","EasyFeel Products","Berry Mix Preschool","Preschool"
"B10A0179","Full Buckle Carriers","","South Philly (City2)","South Philly (City2)","EasyFeel Products Cotton Candy Dance Toddler","","Cotton Candy Dance","30","","","","EasyFeel Products","Toddler Buckle","Toddler"
"B10A0180","Full Buckle Carriers","","South Philly (City2)","South Philly (City2)","Tula Free-to-Grow Stormy","","Stormy (solid grey)","30","","","","Tula","Free-to-Grow","OS"
"B10A0181","Half Buckle Carriers","","South Philly (City2)","South Philly (City2)","XOXO Baby Chai Tea Latte","","Chai Tea Latte","30","","","","XOXO Baby","Buckle Wrap","OS"
"B10A0182","Half Buckle Carriers","","South Philly (City2)","South Philly (City2)","XOXO Baby Goldenrod","","Goldenrod","30","","","","XOXO Baby","Buckle Wrap","OS"
"B10A0183","Full Buckle Carriers","","South Philly (City2)","South Philly (City2)","Ergo Petunia Picklebottom Heavenly Holland","","Chocolate with pink tulips","30","","","","Ergo baby","Organic","OS"
"B10A0184","Full Buckle Carriers","","ChesCo","ChesCo","MJ Baby Carrier Blossom Baby Olive","","Olive","30","<p>MJ Baby Carrier Blossom Baby Exclusive on Olive Canvas</p>","","","MJ Baby Carriers","","Standard"
"B10A0185","Buckle Carriers","","South Philly (City2)","","Tula Free-to-Grow Wonder","","Wonder (grey w white dots)","30","<p>MJ Baby Carrier Blossom Baby Navy</p>","","","MJ Baby Carriers","","Standard"
"B10A0186","Buckle Carriers","","DelCo","DelCo","Tula Explore Everblue","","Everblue - Navy with teal ferns","30","","","","","",""
"B10A0187","Buckle Carriers","","ChesCo","","Tula Explore Bloom","","Bloom - Pink with flower outlines","30","","","","","",""
"B10A0188","Buckle Carriers","","South Philly (City2)","","Tula Explore Sleepy Dust","","Sleepy Dust - Grey with white triangles","30","","","","","",""
"B10A0189","Buckle Carriers","","MontCo (City1)","","Tula Explore Forever","","Forever - Black with geometric lines","30","","https://myturn-prod-images-in.s3.amazonaws.com/0/1370/item/299066/image/image-F7A05BD6-9175-E5FE-2736-12C503745A25.jpg","","","",""
"B10A0190","Buckle Carriers","","Lancaster","Lancaster","Infantino Upscale","","Black","30","","","","","",""
"B10A0191","Buckle Carriers","","ChesCo","","Infantino Upscale","","Black","30","","","","","",""
"B10A0192","Buckle Carriers","","MontCo (City1)","","Infantino Upscale","","Black","30","","","","","",""
"B10A0193","Buckle Carriers","","South Philly (City2)","","Infantino Upscale","","Black","30","","","","","",""
"B10A0194","Buckle Carriers","","ChesCo","","Infantino Flip Advanced","","Grey","30","","","","","",""
"B10A0195","Buckle Carriers","","MontCo (City1)","","Infantino Flip Advanced","","Grey","30","","","","","",""
"B10A0196","Buckle Carriers","","South Philly (City2)","","Infantino Flip Advanced","","Grey","30","","","","","",""
"B10A0197","Full Buckle Carriers","","MontCo (City1)","MontCo (City1)","Beco Gemini Geo Dusty Pink","","Geo Dusty Pink","30","<p>Geo print in Dusty Pink</p><p>7-35lb/3-16kg</p><p>100% cotton</p><p>360* carrying- Front facing in, front facing out, back carry, hip carry</p>","https://myturn-prod-images-in.s3.amazonaws.com/0/1370/item/341960/image/8FA9533F-F401-45A3-ABFE-8DD6199C80B4-AE66022D-F7EF-AEDA-E298-6CDF68D36680.jpeg","","Beco","Gemini Geo Dusty Rose","OS"
"B10A0198","Full Buckle Carriers","","","","Beco Gemini Cool 3-D mesh","","Navy","30","<p>Beco Gemini 3-D Cool Mesh Navy</p><p>Navy framed carrier with a mesh panel.</p><p>7-35 lb/3-16k</p><p>360* carrying- front facing in, front facing out, back, and hip carry</p>","https://myturn-prod-images-in.s3.amazonaws.com/0/1370/item/341959/image/54DD14C7-95E3-4D02-9F26-3BB283214D3B-D23B796E-4AFF-4CE8-148D-5B89205A5E0D.jpeg","","Beco","Beco Gemini Cool Navy","OS"
"B10A0199","Full Buckle Carriers","","","","Boba Classic 4GS Fox Trot","","Grey with royal blue dots","30","<p>SSC with removable insert and stirrups</p>","https://myturn-prod-images-in.s3.amazonaws.com/0/1370/item/341961/image/8E8AC5F4-0CC8-492C-A7D7-6877189E3DCA-87F0ABEE-FEA8-F2B8-8905-0815B4609035.png","","Boba","4GS Fox Trot","OS"
"B10A0201","Meh Dais / Bei Dais","","ChesCo","ChesCo","Babyhawk black","","Black","30","Black tattoo print","","","Babyhawk","Meh Dai","Standard"
"B10A0202","Meh Dais / Bei Dais","","DelCo","DelCo","Babyhawk Khaki","","Khaki","30","","","","Babyhawk","Meh Dai","Standard"
"B10A0203","Meh Dais / Bei Dais","","DelCo","DelCo","Catbird Baby Georgia","","Georgia","30","Black with turquoise/white flowers","https://myturn-prod-images-in.s3.amazonaws.com/0/1370/item/298817/image/image-3B7F27CA-9821-8FB5-25F9-596EFC21913E.jpg","","Catbird Baby","Mei Tai","Standard"
"B10A0204","Meh Dais / Bei Dais","","ChesCo","ChesCo","Didymos Iris DidyTai","","Iris","30","Blue/green stripes","","","Didymos","DidyTai","Standard"
"B10A0205","Meh Dais / Bei Dais","Disabled","ChesCo","","* Earthy Bliss WCMD","","Mermaid Cove","30","Blue/purple stripes","","","Earthy Bliss","Wrapture","Standard"
"B10A0206","Meh Dais / Bei Dais","","ChesCo","ChesCo","Freehand Stained Glass","","Stained Glass","30","Khaki with blue/green stained glass pattern on body panel.","","","Freehand","Mei Tai","OS"
"B10A0207","Meh Dais / Bei Dais","","ChesCo","ChesCo","Kanaluti Fairytale Toddler","","Fairytale","30","Made from Didymos Fairytale","","","Kanaluti","WCMT","Toddler"
"B10A0208","Meh Dais / Bei Dais","","DelCo","ChesCo","Kozy Mint Circles","","Mint Circles","30","Khaki with green circles","","","Kozy Carrier","Meh Dai","OS"
"B10A0209","Meh Dais / Bei Dais","","ChesCo","ChesCo","Mei Tai Baby Khaki Zippy","","Khaki Zippy","30","Khaki with blue/white flowers on body panel.","","","Mei Tai Baby","Mei Tai","OS"
"B10A0210","Meh Dais / Bei Dais","","DelCo","DelCo","Fidella FlyTai Paisley Scarlet","","Paisley Scarlet","30","","","","Fidella","FlyTai","Baby"
"B10A0211","Onbuhimos","","DelCo","DelCo","2Lambie Learner Baby Size","","Grey Pinstripe","30","","https://myturn-prod-images-in.s3.amazonaws.com/0/1370/item/298823/image/image-28C8550B-64C8-0BF3-AE2A-1A54E6F4EBD9.jpg","","2Lambie","Learner Baby Size","Baby"
"B10A0212","Onbuhimos","","ChesCo","ChesCo","Soul Onbuhimo Dragon fly","","","30","","","","","Onbuhimo",""
"B10A0213","Onbuhimos","","MontCo (City1)","MontCo (City1)","Soul Onbuhimo Rainbow Maze","","","30","","https://myturn-prod-images-in.s3.amazonaws.com/0/1370/item/317298/image/image-73DCF6C4-28F4-3F1F-3081-EBC1AF031B50.jpg","","Soul","Onbuhimo",""
"B10A0214","Onbuhimos","","Lancaster","Lancaster","Soul Onbuhimo Bliss","","sea green with flower type petals","30","","","","Soul","Onbuhimo",""
"B10A0215","Onbuhimos","","York","Lancaster","Soul Onbuhimo Pari","","Blue with little floral on stems","30","","","","Soul","Onbuhimo",""
"B10A0216","Onbuhimos","","Camp Hill","Camp Hill","Soul Onbuhimo Serene","","pink and purple stripe","30","","","","Soul","Onbuhimo",""
"B10A0217","Onbuhimos","","South Philly (City2)","South Philly (City2)","Soul Onbuhimo Harmony","","blue stripe","30","","","","Soul","Onbuhimo",""
"B10A0218","Onbuhimos","","Waynesboro","Waynesboro","Soul Onbuhimo Carnival","","red with yellow accents","30","","","","Soul","Onbuhimo",""
"B10A0251","Meh Dais / Bei Dais","","MontCo (City1)","MontCo (City1)","Babyhawk pink","","Pink","30","","https://myturn-prod-images-in.s3.amazonaws.com/0/1370/item/299071/image/image-66CA57EF-4339-386C-1BC6-3CC52079C0F9.jpg","","Babyhawk","Mei Tai","Standard"
"B10A0252","Meh Dais / Bei Dais","","MontCo (City1)","MontCo (City1)","Infantino black","","Black","30","Black/white","https://myturn-prod-images-in.s3.amazonaws.com/0/1370/item/299072/image/image-8ECE1016-0DFC-A300-586E-4C6162E9F2A1.jpg","","Infantino","","OS"
"B10A0253","Meh Dais / Bei Dais","","South Philly (City2)","","Catbird Baby Annika","","Annika","30","Black MT with grey/plum leaf pattern","","","Catbird Baby","Mei Tai","OS"
"B10A0254","Meh Dais / Bei Dais","","MontCo (City1)","MontCo (City1)","Hoppediz Hop-Tye Dandelions Chicago Gold","","Dandelions Chicago Gold","30","","","","Hoppediz","Hop-Tye","OS"
"B10A0255","Meh Dais / Bei Dais","","South Philly (City2)","South Philly (City2)","Fidella FlyTai Outer Space Rose","","Outer Space Rose","30","White with pink stars","","","Fidella","FlyTai","Baby"
"B10A0256","Meh Dais / Bei Dais","","MontCo (City1)","MontCo (City1)","Soul Slings Meh Dai Sun on Maroon","","Sun on Maroon","30","","","Soul Slings Meh Dai Sun on Maroon","Soul Slings","Meh Dai","Standard"
"B10A0257","Meh Dais / Bei Dais","Disabled","ChesCo","ChesCo","Obimama Pavo Coal","","black and white","30","<p>Beautiful black and white floral</p>","","","Obimama","Meh Dais","toddler"
"B10A0258","Meh Dais / Bei Dais","","MontCo (City1)","MontCo (City1)","Baby Hawk My Baby's Heart Beat Bear","","grey with white panel with bear and heart","30","","","","Baby Hawk","My Baby's heartbeat bear",""
"B10A0259","Meh Dais / Bei Dais","","MontCo (City1)","MontCo (City1)","Catbird Baby","","brown and dark orange canvas","30","","","","Catbird Baby","7738681898",""
"B10A0260","Meh Dais / Bei Dais","","MontCo (City1)","MontCo (City1)","Infantino Wrap and tie","","black with small blue and purple vine type print","30","","","","","1514262030",""
"B10A0301","Stretchy Wrap Carriers","","DelCo","DelCo","Boba wrap brown","","Brown","30","","https://myturn-prod-images-in.s3.amazonaws.com/0/1370/item/298824/image/image-198D84D3-6517-D2DB-E1E4-4A787D608154.jpg","","Boba (Sleepy Wrap)","Baby Wrap","OS"
"B10A0302","Woven Wrap Carriers","","ChesCo","ChesCo","Calin Bleu Gauze Teal","","Teal","30","","","","Calin Bleu","Gauze","4.6 Medium"
"B10A0303","Woven Wrap Carriers","","ChesCo","ChesCo","C& C Miel et Malice","","Blue","30","","","","Colimacon et Cie (C&C)","Wrap","6"
"B10A0304","Woven Wrap Carriers","","ChesCo","ChesCo","Didymos Cinnamon Gold Pfau","","Cinnamon Gold","30","","","","Didymos","Wrap","6"
"B10A0305","Woven Wrap Carriers","","DelCo","DelCo","Didymos Ellipsen","","Black-Ecru","30","","https://myturn-prod-images-in.s3.amazonaws.com/0/1370/item/298828/image/image-4460D269-D6AB-DB02-B7DF-C956DDA5128D.jpg","","Didymos","Wrap","3"
"B10A0306","Woven Wrap Carriers","","DelCo","DelCo","Didymos Eva","","Pink","30","Pink/purple stripes","https://myturn-prod-images-in.s3.amazonaws.com/0/1370/item/298829/image/image-A977EC82-3A74-B0F4-F80F-8859404F10BD.jpg","","Didymos","Wrap","5"
"B10A0307","Woven Wrap Carriers","","DelCo","DelCo","Didymos Nautilus Emerald","","Emerald","30","","","","Didymos","Wrap","4"
"B10A0309","Woven Wrap Carriers","","ChesCo","ChesCo","Didymos Silver Waves","","Silver","30","","","","Didymos","Wrap","4"
"B10A0310","Woven Wrap Carriers","","ChesCo","ChesCo","Dolcino Bali","","Green","30","","","","Dolcino","Wrap","6"
"B10A0311","Woven Wrap Carriers","","DelCo","DelCo","Dolcino Korfu","","Blue","30","<p>Blue with stripe blue edge</p><p>100%baumwolle kbA</p>","https://myturn-prod-images-in.s3.amazonaws.com/0/1370/item/298833/image/image-7AD051A1-B581-4B4A-35AB-4291F7C42776.jpg","","Dolcino","Wrap","3"
"B10A0312","Woven Wrap Carriers","","DelCo","DelCo","Easycare Ocean","","Blue","30","Blue stripes","https://myturn-prod-images-in.s3.amazonaws.com/0/1370/item/298834/image/image-B6394865-45C6-168F-22E1-EBC43D483EAC.jpg","","Easycare","Wrap","5"
"B10A0313","Woven Wrap Carriers","","DelCo","DelCo","Girasol Donau diamond weave","","Donau","30","","","","Girasol","Wrap","6"
"B10A0314","Woven Wrap Carriers","","ChesCo","ChesCo","Kokadi Maya Elephants","","Blue/green","30","Blue/green elephants","","","Kokadi","Wrap","3"
"B10A0315","Woven Wrap Carriers","","ChesCo","ChesCo","Kokadi Mandalina Caramel","","Caramel","30","Brown/tan woven wrap","","","Kokadi","Wrap","4"
"B10A0316","Woven Wrap Carriers","","DelCo","DelCo","Kokoskaa Nexus Barbara","","Barbara","30","","https://myturn-prod-images-in.s3.amazonaws.com/0/1370/item/298838/image/image-5A2841E2-4991-8E65-2E82-97AD27C6D3A5.jpg","","Kokoskaa","Wrap","6"
"B10A0317","Woven Wrap Carriers","","DelCo","DelCo","Little Frog Turquoise","","","30","","https://myturn-prod-images-in.s3.amazonaws.com/0/1370/item/298839/image/image-0B9CF50E-2EE1-6C37-111F-64BCB344B7C9.jpg","","Little Frog","Wrap","6"
"B10A0318","Stretchy Wrap Carriers","","ChesCo","ChesCo","Moby Black","","Black","30","","","","Moby","Moby Wrap","OS"
"B10A0319","Woven Wrap Carriers","","MontCo (City1)","MontCo (City1)","Natibaby Winter","","Turquoise","30","","","","Natibaby","Wrap","3"
"B10A0320","Woven Wrap Carriers","","DelCo","DelCo","Neobulle Manon Grise","","Manon Grise","30","<p>Multicolor stripes</p>","https://myturn-prod-images-in.s3.amazonaws.com/0/1370/item/298841/image/image-04C58D82-68EF-2A45-A1E4-AF73489FB323.jpg","","Neobulle","Wrap","4"
"B10A0321","Woven Wrap Carriers","","ChesCo","ChesCo","Pavo Plume Seafoam","","Seafoam","30","","","","Pavo","Wrap","3"
"B10A0322","Woven Wrap Carriers","","ChesCo","ChesCo","Storch Leo Natural","","Natural","30","","","","Storchenweige (Storch)","Wrap","5"
"B10A0323","Woven Wrap Carriers","Disabled","DelCo","","* Vatanai Ravenna","","Pink","30","","","","Vatanai","Wrap","3.5m"
"B10A0324","Woven Wrap Carriers","","ChesCo","ChesCo","Girasol purple weft rainbow with fringe","","Purple weft","30","","","","Girasol","Wrap","5"
"B10A0325","Woven Wrap Carriers","","DelCo","DelCo","Girasol Sustain.bow Twill black weft","","Black Weft","30","","https://myturn-prod-images-in.s3.amazonaws.com/0/1370/item/298845/image/image-D44D32E4-65A2-C623-966E-D41A9D16DC8C.jpg","","Girasol","Wrap","7"
"B10A0326","Woven Wrap Carriers","","ChesCo","ChesCo","Lenny Lamb Rainbow Sky Evening","","Evening","30","","","","Lenny Lamb","Wrap","4"
"B10A0327","Woven Wrap Carriers","To Be Sold","","","Poe Harlequin Poire","","Green","30","","","","Poire","Poire","6"
"B10A0328","Woven Wrap Carriers","","DelCo","DelCo","Easycare #1","","#1 (rainbow stripes)","30","Rainbow Stripes","https://myturn-prod-images-in.s3.amazonaws.com/0/1370/item/298847/image/image-47460960-F68C-3605-4950-CBB5E2CB314D.jpg","","Easycare","Wrap","7"
"B10A0329","Woven Wrap Carriers","","ChesCo","ChesCo","Risaroo Kerrington Carbon","","Carbon","30","","","","Risaroo Wovens","Wrap","7"
"B10A0330","Woven Wrap Carriers","","DelCo","DelCo","Oscha Knots Ooki Bay","","Bay","30","","https://myturn-prod-images-in.s3.amazonaws.com/0/1370/item/298849/image/image-9AB4F78E-1DB9-9071-AD3B-12734FE91236.jpg","","Oscha","Wrap","3"
"B10A0331","Woven Wrap Carriers","","DelCo","DelCo","Girasol Big Sur","","Big Sur","30","Blue/green/brown stripes","https://myturn-prod-images-in.s3.amazonaws.com/0/1370/item/298850/image/image-BC30D743-FF86-02F9-AD80-687FBD265676.jpg","","Girasol","Wrap","5"
"B10A0332","Woven Wrap Carriers","","MontCo (City1)","MontCo (City1)","Pavo Aquaria SWT Pacific","","Salt Water Taffy Pacific","30","Blue with seahorses","","","Pavo","Wrap","6"
"B10A0333","Woven Wrap Carriers","","ChesCo","ChesCo","Girasol Spring Rain","","Spring Rain","30","","","","Girasol","Wrap","7"
"B10A0334","Woven Wrap Carriers","","ChesCo","ChesCo","Girasol Winter Winds","","Winter Winds","30","","","","Girasol","Wrap","2"
"B10A0335","Woven Wrap Carriers","","DelCo","DelCo","Yaro Dandy black/white","","Black/white","30","","https://myturn-prod-images-in.s3.amazonaws.com/0/1370/item/298853/image/image-818DB371-AFB6-DA02-FE73-D190550978DC.jpg","","Yaro","Wrap","4"
"B10A0336","Woven Wrap Carriers","","ChesCo","ChesCo","Firespiral Brimstone Cirrus 6","","Yellow","30","","","","Firespiral","Wrap","6"
"B10A0337","Woven Wrap Carriers","","ChesCo","ChesCo","Tekhni Pragma Steel 4","","Grey/white","30","","","","Tekhni","Woven Wrap","4"
"B10A0338","Stretchy Wrap Carriers","","DelCo","DelCo","Moby Wrap brown","","Brown","30","<p>Brown stretchy wrap with bag</p>","https://myturn-prod-images-in.s3.amazonaws.com/0/1370/item/298855/image/image-E820A9BE-D2B2-3159-1937-355F81A1D110.jpg","","Moby Wrap","Moby Wrap",""
"B10A0339","Woven Wrap Carriers","Disabled","ChesCo","ChesCo","Form Pavo Gothom Marble","","white","30","<p>Form by Pavo white woven wrap with a geometeric type pattern</p>","","","Form by Pavo","Woven Wrap","6"
"B10A0340","Woven Wrap Carriers","Disabled","ChesCo","ChesCo","Didymos Natural Hemp India","","white","30","<p>Beautiful white woven with elephants and birds</p>","","","Didymos","Woven Wrap","4"
"B10A0341","Woven Wrap Carriers","Disabled","ChesCo","ChesCo","Solnce","","blue","30","<p>wool blue woven with a feathery type pattern</p>","","","Solnce","Woven Wrap","3"
"B10A0342","Woven Wrap Carriers","Disabled","ChesCo","ChesCo","ETLA Sea Glass","","blues and greens","30","<p>4.1m is a short 5 blues and green stripes</p>","","","ETLA","Woven Wrap","5 short"
"B10A0343","Woven Wrap Carriers","","ChesCo","ChesCo","Fairy River Textiles Snip & Snails","","gradient purple-blues-navy","30","<p>4.1m superwash wool and cotton handwoven DOM 12/8/14 lot #53 wrap #190</p>","","","Fairy River Textiles","Woven Wrap","5 short"
"B10A0344","Woven Wrap Carriers","Disabled","ChesCo","ChesCo","Woven Rainbow Inc Coloring Book","","Bright multi color","30","<p>Bright multicolor plaid in different size rectangles/weaves</p><p>sept 2014</p><p>V1#3</p><p>W120WG3</p>","","","Woven Rainbow Inc","Woven Wrap","6"
"B10A0345","Woven Wrap Carriers","Disabled","ChesCo","ChesCo","Kokadi Christmas","","Red and Green","30","<p>Red and green stars, trees, and snowflakes</p>","","","Kokadi","Woven Wrap","4"
"B10A0346","Woven Wrap Carriers","Disabled","ChesCo","ChesCo","Oolaloom","","multi pink/purple/red","30","","","","Oolaloom","Woven Wrap",""
"B10A0347","Woven Wrap Carriers","","Lancaster","Lancaster","Natibaby Woven Wrap","","pink and magenta stripe","30","<p>pink and magenta stripe</p>","","","Natibaby","Woven Wrap","7"
"B10A0351","Woven Wrap Carriers","","MontCo (City1)","MontCo (City1)","Chimparoo Bio Tan","","Tan","30","","","","Chimparoo","Woven Wrap","5"
"B10A0352","Woven Wrap Carriers","","MontCo (City1)","MontCo (City1)","C&C Red Tie Dye","","Red Tie Dye","30","","","","Colimacon et Cie (C&C)","Wrap","2"
"B10A0353","Woven Wrap Carriers","Disabled","MontCo (City1)","","Didymos Dove Indio","","Indio","30","","","","Didymos","Wrap","Long 4"
"B10A0354","Woven Wrap Carriers","","South Philly (City2)","MontCo (City1)","Diva Milano Essenza Moka","","Moka","30","","","","Diva Milano","Wrap","6"
"B10A0355","Woven Wrap Carriers","","South Philly (City2)","MontCo (City1)","Dolcino Kuba","","Red","30","Maroon/reddish with stripes on rail","","","Dolcino","Wrap","6"
"B10A0356","Woven Wrap Carriers","To Be Sold","MontCo (City1)","MontCo (City1)","Hoppediz Toronto","","Blue","30","Blue/white stripes","","","Hoppediz","Wrap","6"
"B10A0357","Woven Wrap Carriers","","MontCo (City1)","MontCo (City1)","Little Frog Onyx","","Black/Grey","30","","","","Little Frog","Wrap","6"
"B10A0358","Stretchy Wrap Carriers","","South Philly (City2)","MontCo (City1)","Moby Navy","","Navy","30","","","","Moby","Moby Wrap","OS"
"B10A0359","Woven Wrap Carriers","","MontCo (City1)","MontCo (City1)","Storch Lilly","","Stripes","30","","","","Storchenweige (Storch)","Wrap","6"
"B10A0360","Woven Wrap Carriers","","South Philly (City2)","MontCo (City1)","Vatanai Blue/Orange Denim Whales","","Blue/Orange","30","","","","Vatanai","Wrap","3m"
"B10A0361","Hybrid Wrap Carriers","","MontCo (City1)","MontCo (City1)","Wrapsody Stretch Alyssa","","Alyssa","30","","","","Wrapsody (GypsyMama)","Hybrid","OS"
"B10A0362","Woven Wrap Carriers","","MontCo (City1)","MontCo (City1)","Girasol Sustain.bow Twill deep blue weft","","Deep Blue","30","","","","Girasol","Wrap","6"
"B10A0363","Woven Wrap Carriers","","South Philly (City2)","MontCo (City1)","Pavo Folklore Blush","","Blush","30","","","","Pavo","Wrap","4"
"B10A0364","Woven Wrap Carriers","","MontCo (City1)","MontCo (City1)","Lenny Lamb Soleil Diamond","","Diamond","30","Red/orange stripes","","","Lenny Lamb","Wrap","7"
"B10A0365","Woven Wrap Carriers","","South Philly (City2)","MontCo (City1)","Yaro La Vita dark blue/green","","dark blue/green","30","","","","Yaro","Wrap","7"
"B10A0366","Woven Wrap Carriers","","MontCo (City1)","MontCo (City1)","Oscha Sekai Jol","","Jol","30","","","","Oscha","Wrap","6"
"B10A0367","Woven Wrap Carriers","","MontCo (City1)","MontCo (City1)","Oscha Tree of Life Canton","","Canton","30","","","","Oscha","Wrap","3"
"B10A0369","Woven Wrap Carriers","","South Philly (City2)","","Girasol Snow Rainbow","","Snow Rainbow","30","","","","Girasol","Wrap","5"
"B10A0370","Woven Wrap Carriers","","MontCo (City1)","MontCo (City1)","Little Frog Aquamarine","","Aquamarine","30","","","","Little Frog","Wrap","4"
"B10A0371","Woven Wrap Carriers","","MontCo (City1)","MontCo (City1)","Yaro Turtle Dark Blue","","Dark Blue","30","","","","Yaro","Wrap","8"
"B10A0372","Woven Wrap Carriers","","South Philly (City2)","MontCo (City1)","Yaro Triskele Navy/White","","Navy/White","30","","","","Yaro","Wrap","3"
"B10A0373","Woven Wrap Carriers","","MontCo (City1)","MontCo (City1)","Pavo Harmony Grape Haze","","Purple","30","","","","Pavo","Wrap","3"
"B10A0374","Woven Wrap Carriers","","DelCo","DelCo","Cari Slings Level Up Prelude of Light 6","","black gold","30","<p>Zelda exclusive</p>","https://myturn-prod-images-in.s3.amazonaws.com/0/1370/item/299101/image/image-AD9925CB-BC97-531D-7911-35F3C5A235DA.jpg","","Cari Slings","Woven Wrap","6"
"B10A0375","Woven Wrap Carriers","","MontCo (City1)","MontCo (City1)","Tekhni Pragma Jade 6","","Green","30","","","","Tekhni","Woven Wrap","6"
"B10A0376","Woven Wrap Carriers","","South Philly (City2)","MontCo (City1)","Tekhni Pragma Steel 6","","Grey","30","","","","Tekhni","Woven Wrap","6"
"B10A0377","Woven Wrap Carriers","","MontCo (City1)","DelCo","Little Frog Green/Turquoise","","Green/Turquoise","30","","https://myturn-prod-images-in.s3.amazonaws.com/0/1370/item/299104/image/image-06824FF9-6929-C1F6-F6DE-7B192C716FAC.jpg","","Little Frog","Woven Wrap","6"
"B10A0378","Hybrid Wrap Carriers","","MontCo (City1)","","Beachfront Baby water wrap","","Blue","30","","","","","",""
"B10A0379","Stretchy Wrap Carriers","","MontCo (City1)","","Solly Baby Stretchy Wrap - Grey","","Grey","30","","","","","",""
"B10A0380","Wrap Carriers","","Lancaster","Lancaster","Wrapsody linen","","linen orange/ teal/ navy stripe","30","","https://myturn-prod-images-in.s3.amazonaws.com/0/1370/item/339503/image/8FC76F00-E158-49C7-9EAC-D3DB796FDECE-6FB9D950-8E02-3B67-6AC2-FD8C24494262.png","","wrapsody","1214",""
"B10A0381","Stretchy Wrap Carriers","","Lancaster","Lancaster","Moby Stretch Heathered Navy","","Heathered Navy","30","","","","","",""
"B10A0382","Water Baby Carriers","","DelCo","DelCo","Water Wrap Carriers Wrap","","Lime Green","30","<p>lime green mesh wrap</p>","https://myturn-prod-images-in.s3.amazonaws.com/0/1370/item/339539/image/image-CEDCF86C-6B40-C3C1-13BE-7F72A029875F.jpg","","Water Wrap Carriers","",""
"B10A0383","Stretchy Wrap Carriers","","South Philly (City2)","South Philly (City2)","Boba stretchy wrap","","","30","<p>Brown stretchy wrap with bag</p>","https://myturn-prod-images-in.s3.amazonaws.com/0/1370/item/339858/image/image-D58F3A72-0CA1-AB87-059F-784F7B71DF94.jpg","","Boba","stretchy wrap",""
"B10A0384","Stretchy Wrap Carriers","","","","Boba stretchy wrap","","Dark green with print","30","<p>68% viscose from bamboo, 25% cotton, 7% spandex</p><p><span>Dark green with white print</span></p>","","","Boba","Modcloth","OS"
"B10A0385","Woven Wrap Carriers","","Camp Hill","Camp Hill","Shiny Star Design Carina Infinity","","ocean blue with print","30","<p>Cotton/tencel woven wrap size 6.</p>","https://myturn-prod-images-in.s3.amazonaws.com/0/1370/item/341958/image/70820C59-872A-409D-A2F0-F61A45425F34-C9D95CC5-0FD1-B30D-F15A-331B549B0E6D.jpeg","","Shiny Star","Carina Infinity","6"
"B10A0401","Ring Slings","","ChesCo","ChesCo","C&C Apple Green","","Green","30","Apple Green RS","","","Colimacon et Cie (C&C)","Ring Sling","M"
"B10A0402","Ring Slings","","DelCo","DelCo","Comfy Joey Linen Bordeaux","","Bordeaux","30","Wine colored linen","https://myturn-prod-images-in.s3.amazonaws.com/0/1370/item/298857/image/image-4CEF5234-11B1-F352-9ACE-6DDA38363311.jpg","","Comfy Joey","Ring Sling","M"
"B10A0403","Ring Slings","","DelCo","DelCo","Comfy Joey black mesh","","Black","30","Black mesh","https://myturn-prod-images-in.s3.amazonaws.com/0/1370/item/299031/image/image-A1BA178F-A842-DAA6-D8E8-DA26BA5C56A0.jpg","","Comfy Joey","Water Ring Sling","OS"
"B10A0404","Ring Slings","","ChesCo","ChesCo","Comfy Joey Orange Mesh","","Orange","30","Orange mesh","","","Comfy Joey","Water Ring Sling","OS"
"B10A0405","Ring Slings","","ChesCo","ChesCo","Kalea Osnaburg Oatmeal","","Oatmeal","30","Oatmeal osnaburg","","","Kalea","Ring Sling","M"
"B10A0406","Ring Slings","","DelCo","DelCo","Maya Lightly Padded Apple Green","","Apple Green","30","Light green padded RS","https://myturn-prod-images-in.s3.amazonaws.com/0/1370/item/298859/image/image-59394A36-9840-F38A-70AB-D2CDFD7478C4.jpg","","Maya","Lightly Padded Ring Sling","OS"
"B10A0407","Ring Slings","Disabled","ChesCo","","* Maya Lightly Padded Xza Stripes","","Xza Stripes","30","Grey/Magenta stripes","","","Maya","Lightly Padded Ring Sling","OS"
"B10A0408","Ring Slings","","DelCo","DelCo","Nunamoochie Mehndi","","Red/Ecru","30","Red/Ecru Mehndi print","https://myturn-prod-images-in.s3.amazonaws.com/0/1370/item/298860/image/image-2DDA7FA4-665D-CB80-246E-BC28F5686877.jpg","","Nunamoochie","Ring Sling","M"
"B10A0409","Ring Slings","","ChesCo","ChesCo","Sakura Bloom Turquoise","","Turquoise","30","Double layer turquoise linen","","","Sakura Bloom","Classic Linen","OS"
"B10A0410","Ring Slings","","ChesCo","ChesCo","SBP Black Twill with turquoise rings","","Black with Turquoise Rings","30","Black twill w turquoise rings","","","Sleeping Baby Productions/SBP","Ring Sling","M"
"B10A0411","Ring Slings","","ChesCo","ChesCo","SBP EC#1","","Easycare #1","30","EC#1 Rainbow","","","Sleeping Baby Productions/SBP","Ring Sling","S"
"B10A0412","Ring Slings","","DelCo","DelCo","SBP EC Red/Olive stripes","","Red/Olive Stripes","30","EC Red/olive stripes WCRS","https://myturn-prod-images-in.s3.amazonaws.com/0/1370/item/298864/image/image-B982C422-7D6F-5053-1AAD-983CD0932E88.jpg","","Sleeping Baby Productions/SBP","Ring Sling","M"
"B10A0413","Ring Slings","","South Philly (City2)","MontCo (City1)","SBP Slate Blue Twill","","Slate Blue","30","Slate blue twill RS","","","Sleeping Baby Productions/SBP","Ring Sling","M"
"B10A0414","Ring Slings","","MontCo (City1)","MontCo (City1)","SBP Navy Stretch Twill","","Navy","30","Navy stretch twill","","","Sleeping Baby Productions/SBP","Ring Sling","L"
"B10A0415","Ring Slings","","DelCo","DelCo","SBP Paisley Pizzazz","","Pizzazz","30","Blue/Ecru paisley print","https://myturn-prod-images-in.s3.amazonaws.com/0/1370/item/298865/image/image-7795A12F-74EA-6176-DD34-95AC9FBF1164.jpg","","Sleeping Baby Productions/SBP","Ring Sling","M"
"B10A0416","Ring Slings","","DelCo","DelCo","SBP Plume 1","","Natural Plume 1","30","<p>Natty plume print</p><p>oatmeal color</p>","https://myturn-prod-images-in.s3.amazonaws.com/0/1370/item/298866/image/image-63F28A2E-6A30-F7C4-BC8C-D45C312DCEFF.jpg","","Sleeping Baby Productions/SBP","Ring Sling","M"
"B10A0417","Ring Slings","","ChesCo","ChesCo","SBP Plume 2","","Natural Plume 2","30","Natty plume print","","","Sleeping Baby Productions/SBP","Ring Sling","S"
"B10A0418","Ring Slings","","ChesCo","ChesCo","SBP Solarveil light green","","Light Green","30","Light green solarveil","","","Sleeping Baby Productions/SBP","Ring Sling","M"
"B10A0419","Ring Slings","Disabled","","","SBP Denim Violet Vatanai Whales","","Denim Violet","30","Purple/denim Vatanai Whales WCRS","","","Sleeping Baby Productions/SBP","Ring Sling","XS"
"B10A0420","Ring Slings","Disabled","DelCo","","* Zolowear Black","","Black","30","Black RS with pocket","","","Zolowear","Ring Sling","S"
"B10A0421","Ring Slings","","ChesCo","ChesCo","Dolcino Stromboli","","Stromboli","30","Orange/red striped WCRS","","","Dolcino","Ring Sling","L"
"B10A0422","Ring Slings","","ChesCo","DelCo","Zanytoes Didymos LHP","","Lime","30","Zanytoes LHP WCRS gathered shoulder, size small, gold rings","","","Didymos","Hemp Pfau","S"
"B10A0423","Ring Slings","","DelCo","DelCo","SBP Didymos Purple Waves orange rings","","Purple//Orange rings","30","Purple Didymos waves WCRS w orange rings","https://myturn-prod-images-in.s3.amazonaws.com/0/1370/item/298872/image/image-D0108025-A56F-9847-E7FA-8F937F03152A.jpg","","Sleeping Baby Productions/SBP","Ring Sling","M"
"B10A0424","Ring Slings","","DelCo","DelCo","SBP Didymos Purple Waves silver rings","","Purple/silver rings","30","Purple Didymos Waves WCRS SBP","https://myturn-prod-images-in.s3.amazonaws.com/0/1370/item/298873/image/image-E4E17C7F-DA44-E383-A9E0-D3A46DB4E14D.jpg","","Sleeping Baby Productions/SBP","Ring Sling","S"
"B10A0425","Ring Slings","","ChesCo","ChesCo","Oscha Ooki Knots Bay","","Bay","30","Blue Ooki knots WCRS","","","Oscha","Ring Sling","M"
"B10A0426","Ring Slings","","ChesCo","ChesCo","Beco Ocean","","Ocean","30","Blue RS","","","Beco","Ring Sling","OS"
"B10A0427","Ring Slings","","DelCo","DelCo","Beco Cloud","","Cloud","30","Grey RS","https://myturn-prod-images-in.s3.amazonaws.com/0/1370/item/298876/image/image-0966D475-9BFE-D507-0DB9-AD7CC09ED641.jpg","","Beco","Ring Sling","OS"
"B10A0428","Gathered Ring Slings","","DelCo","DelCo","Tekhni Pragma Jade RS","","Green/white","30","","https://myturn-prod-images-in.s3.amazonaws.com/0/1370/item/298877/image/image-466C4DC0-873B-DDC1-9C19-C33CBD22C05C.jpg","","Tekhni","Ring Sling","OS"
"B10A0451","Ring Slings","","South Philly (City2)","","C&C Pink","","Pink","30","Pink RS","","","Colimacon et Cie (C&C)","Ring Sling","M"
"B10A0452","Ring Slings","To Be Sold","MontCo (City1)","MontCo (City1)","Comfy Joey Brown Linen","","Brown","30","Brown linen","","","Comfy Joey","Ring Sling","M"
"B10A0453","Ring Slings","","South Philly (City2)","MontCo (City1)","Maya Comfort Fit Charcoal Grey","","Charcoal Grey","30","Charcoal grey","","","Maya","Comfort Fit","OS"
"B10A0454","Ring Slings","","MontCo (City1)","MontCo (City1)","Maya Pink Stripes","","Pink Stripes","30","pink stripe padded RS","","","Maya","Lightly Padded Ring Sling","OS"
"B10A0455","Ring Slings","","MontCo (City1)","MontCo (City1)","SBP Cocoa Brown French Twill","","Brown","30","SBP brown French Twill RS","","","Sleeping Baby Productions/SBP","Ring Sling","M"
"B10A0456","Ring Slings","","MontCo (City1)","","SBP Hoppediz Timbuktu","","Timbuktu","30","Black Hoppediz Timbuktu stripes","","","Sleeping Baby Productions/SBP","Ring Sling","XL"
"B10A0457","Ring Slings","","South Philly (City2)","South Philly (City2)","Rocklake Weaving","","red, orange, green stripes","30","Handwoven WCRS","","","Rocklake Weaving","Ring Sling","L"
"B10A0458","Ring Slings","","Lancaster","Lancaster","Little Frog Marine Opal","","Marine Opal","30","green/blue stripes","","","Little Frog","Ring Sling","M"
"B10A0459","Ring Slings","","MontCo (City1)","MontCo (City1)","SBP Didymos Lena","","Didy Lena","30","Didymos Lena purple stripes","https://myturn-prod-images-in.s3.amazonaws.com/0/1370/item/299118/image/image-8F98656A-5FC9-1502-9BF9-A22FA77E6683.jpg","","Sleeping Baby Productions/SBP","Ring Sling","S"
"B10A0460","Ring Slings","","Lancaster","Lancaster","Oscha Opal Linen Grad","","Opal","30","Green linen grad WCRS","","","Oscha","Ring Sling","S"
"B10A0461","Ring Slings","To Be Sold","MontCo (City1)","MontCo (City1)","Pleated Little Frog Aquamarine RS","","Aquamarine","30","Pleated Bibette RS","","","Little Frog","Ring Sling","OS"
"B10A0462","Ring Slings","","South Philly (City2)","MontCo (City1)","Yaro La Fleur","","Aqua Green-Black","30","La Fleur print","","","Yaro","Ring Sling","M"
"B10A0463","Gathered Ring Slings","","MontCo (City1)","MontCo (City1)","Tekhni Pragma Jade","","Green","30","","","","Tekhni","Ring Sling",""
"B10A0464","Gathered Ring Slings","","MontCo (City1)","MontCo (City1)","Tekhni Pragma Steel","","Grey","30","","","","Tekhni","Ring Sling",""
"B10A0465","Gathered Ring Slings","","MontCo (City1)","MontCo (City1)","Little Frog Lilac Heartbeat","","Lilac Heartbeat","30","","https://myturn-prod-images-in.s3.amazonaws.com/0/1370/item/299124/image/image-BC1BE7D3-9EF8-3253-EB57-25138D5A1676.jpg","","Little Frog","Wrap Conversion Ring Sling","M"
"B10A0466","Gathered Ring Slings","","MontCo (City1)","MontCo (City1)","Wildbird Single Layer Linen Tanager","","Tanager","30","","","","Wildbird","Ring Sling","OS"
"B10A0467","Gathered Ring Slings","","MontCo (City1)","MontCo (City1)","Beco Cloud","","Cloud","30","","","","Beco","Ring Sling","OS"
"B10A0468","Gathered Ring Slings","","MontCo (City1)","MontCo (City1)","Beachfront Baby water sling white","","White","30","","","","Beachfront Baby","Water Wrap","M"
"B10A0469","Ring Slings","","ChesCo","","Maya ComfortFit Adjustable Ring Sling, Stripes","","Striped, with Pocket","30","","","","","",""
"B10A0470","Padded Ring Slings","","MontCo (City1)","MontCo (City1)","Maya Wrap RS","","grey","30","<p>Lightly padded RS in grey woven</p>","https://myturn-prod-images-in.s3.amazonaws.com/0/1370/item/307042/image/image-BC418179-68D6-A89F-C2FD-A6BFA0416ACF.jpg","","Maya Wrap","Maya wrap RS","XL"
"B10A0471","Pleated Ring Slings","","MontCo (City1)","MontCo (City1)","Snuggy Baby","","multi","30","<p>Floral mutli-color pleated RS with yellow, blues, and greens. Manufactured March 2011</p>","https://myturn-prod-images-in.s3.amazonaws.com/0/1370/item/307041/image/image-BAFCBDCE-5AEF-71E7-95CD-042EBB10B5B7.jpg","","Snuggy Baby","RS",""
"B10A0472","Other Ring Slings","","","","Taylor Made Mesh Water Sling","","Royal Blue","30","<p>Royal Blue mesh water sling</p>","","","Taylor Made Slings","RS","M"
"B10A0473","Ring Slings","","Lancaster","Lancaster","Comfy Joey Lovely Lavender Linen","","lavender line","30","","https://myturn-prod-images-in.s3.amazonaws.com/0/1370/item/339511/image/image-1DE46E68-0048-C6E9-EF34-6B4319DC0C9E.jpg","","Comfy Joey","Lovely Lavender Linen CJRSFM2014","l"
"B10A0474","Water Baby Carriers","","Camp Hill","Camp Hill","Comfy Joey Ol' Roy Mesh RS","","Royal blue","30","<p>Royal blue mesh RS</p>","https://myturn-prod-images-in.s3.amazonaws.com/0/1370/item/339512/image/image-863BD693-8765-F4B1-7F0B-C7DB855DEC50.jpg","","Comfy Joey","CJRSWR2014","M"
"B10A0475","Ring Slings","","DelCo","DelCo","Comfy Joey Airlie Beach RS Coral Rose","","Coral Rose","30","","https://myturn-prod-images-in.s3.amazonaws.com/0/1370/item/339514/image/7C8435DD-BAB1-4767-B6F5-6CE5F6189B8C-A42BA72D-81ED-61CF-91CF-4CCC3C464788.jpeg","","Comfy Joey","CJRSEN2014","3XL"
"B10A0476","Ring Slings","","MontCo (City1)","MontCo (City1)","Shiny Star Design/ Butterfly Baby Co: Space Invaders Cetus","","green","30","","https://myturn-prod-images-in.s3.amazonaws.com/0/1370/item/339516/image/image-8D86800D-E41F-CCA1-2F7B-E6B4D69F3558.jpg","","Butterfly Baby","Space Invaders Cetus WCRS3217","L"
"B10A0477","Ring Slings","","MontCo (City1)","MontCo (City1)","Pavo Fable Textiles","","slate","30","<p>Slate/White print with green rings</p>","","","Pavo Textiles","Fable",""
"B10A0501","Pouch Carriers","","DelCo","DelCo","Seven Slings purple 1","","Purple","30","Two tone purple","https://myturn-prod-images-in.s3.amazonaws.com/0/1370/item/298879/image/image-8F5B81BB-D625-5A14-E952-D6566701A7DB.jpg","","Seven Slings","Pouch","Size 1"
"B10A0502","Pouch Carriers","","DelCo","DelCo","Seven Slings black/white 5","","Black","30","Black/white pattern","https://myturn-prod-images-in.s3.amazonaws.com/0/1370/item/298880/image/image-195F52E0-ACF3-615C-D64C-EBF946604109.jpg","","Seven Slings","Pouch","Size 5"
"B10A0503","Pouch Carriers","","DelCo","DelCo","Seven Slings blue 7","","Blue","30","Shades of blue","https://myturn-prod-images-in.s3.amazonaws.com/0/1370/item/298881/image/image-FCB3D796-9D13-D59C-0427-0C7638B8D6E0.jpg","","Seven Slings","Pouch","Size 7"
"B10A0504","Pouch Carriers","","DelCo","DelCo","Baby K'tan small black","","Black","30","Black stretchy","https://myturn-prod-images-in.s3.amazonaws.com/0/1370/item/298882/image/image-47AE84CA-1E7F-F713-7A48-90A5DE875BAA.jpg","","Baby K'tan","Original","Small"
"B10A0505","Pouch Carriers","","ChesCo","ChesCo","Baby K'tan XS Organic Ivory","","Ivory","30","Ivory stretchy","","","Baby K'tan","Organic","XS"
"B10A0506","Pouch Carriers","","ChesCo","MontCo (City1)","Baby K'tan M Coral Active","","Coral","30","Orange mesh","","","Baby K'tan","Active","M"
"B10A0507","Pouch Carriers","","DelCo","DelCo","Baby K'tan L Sage Green","","Sage Green","30","Green stretchy","https://myturn-prod-images-in.s3.amazonaws.com/0/1370/item/298884/image/image-EBD69EEB-3364-0CF7-8CF0-FB7C67A5F7EE.jpg","","Baby K'tan","Original","L"
"B10A0508","Pouch Carriers","","DelCo","DelCo","Baby K'tan XL Grey","","Grey","30","Grey stretchy","https://myturn-prod-images-in.s3.amazonaws.com/0/1370/item/298885/image/image-80D729DC-AAB0-2D63-4246-744BA2DC9F96.jpg","","Baby K'tan","Original","XL"
"B10A0551","Pouch Carriers","","MontCo (City1)","MontCo (City1)","Maya adjustable","","Blue/green Ikat","30","Blue/green ikat print","","","Maya Wrap","Adjustable","Adjustable"
"B10A0552","Pouch Carriers","","South Philly (City2)","MontCo (City1)","Baby K'tan white breeze","","White Breeze","30","White breathable","","","Baby K'tan","Breeze","M"
"B10A0553","Pouch Carriers","","MontCo (City1)","MontCo (City1)","Baby K'tan small black","","Black","30","Black stretchy","","","Baby K'tan","Original","Small"
"B10A0554","Stretch Loop Carriers","","MontCo (City1)","MontCo (City1)","K'tan XS Grey Stripe","","Grey Stripe","30","","","","Baby K'tan","","xs"
"B10A0555","Pouch Carriers","","MontCo (City1)","MontCo (City1)","Baby K'tan","","black with camo","30","<p>black pouch with camo loops</p>","https://myturn-prod-images-in.s3.amazonaws.com/0/1370/item/339545/image/image-F12BE92F-BBB9-15E4-A74E-E2900F67F985.jpg","","K'tan","","s"
"B10A0556","Pouch Carriers","","MontCo (City1)","MontCo (City1)","Lucky Baby Pouch","","multicolor floral with brown interior","30","","","","Lucky Baby","",""
"B10A0557","Pouch Carriers","","MontCo (City1)","MontCo (City1)","Kangaroo Korner Sling","","purple","30","","","","Kangaroo Korner","",""
"B10A0558","Pouch Carriers","","MontCo (City1)","MontCo (City1)","Kangaroo Korner Sling","","small blue and white check with cream fleece","30","","","","Kangaroo Korner","KKAPS","S"
"B10A0559","Pouch Carriers","","MontCo (City1)","MontCo (City1)","Baby k'tan","","eggplant","30","<p>2 piece eggplant carrier</p>","","","K'tan","","M"
"B10A0560","Pouch Carriers","","MontCo (City1)","MontCo (City1)","Munkin Jelly Bean Reversible Sling pouch","","Black with white floral/ black with white dots","30","","","","munchkin","",""
"B10A0561","Pouch Carriers","","","","Baby K'tan Original eggplant","","Eggplant","30","<p>Eggplant (purple) 2 piece baby K'tan pouch carrier</p>","","","Baby K'tan","original","L"
"B10A0601","Carrier Accessories & Other","","DelCo","DelCo","Ergo Infant Insert Natural","","Natural cream","30","","","","Ergo","Infant Insert","Infant"
"B10A0602","Carrier Accessories & Other","","DelCo","DelCo","Beco Soleil Infant Insert Luca Black","","Luca Black","30","","https://myturn-prod-images-in.s3.amazonaws.com/0/1370/item/298887/image/image-36757B50-F50F-6054-A3E0-7BBE4A65E33C.jpg","","Beco","Soleil Infant Insert",""
"B10A0605","Carrier Accessories & Other","","DelCo","DelCo","Ergo Infant Insert - brown","","Brown","30","<p>Brown Ergo Infant Insert</p>","https://myturn-prod-images-in.s3.amazonaws.com/0/1370/item/298888/image/image-2392BD69-0341-D1D1-7781-8AC229932E6B.jpg","","Ergo","Ergo Infant Insert","Infant"
"B10A0606","Carrier Accessories & Other","","DelCo","DelCo","Ergo Performance Infant Insert","","Black and grey","30","<p>Black and grey ergo infant insert</p>","https://myturn-prod-images-in.s3.amazonaws.com/0/1370/item/298889/image/image-2E424289-D846-23B0-E4CC-860611F4FA28.jpg","","Ergo","Infant insert","Infant"
"B10A0615","Carrier Accessories & Other","","ChesCo","ChesCo","Mountain Buggy Juno Infant Insert","","black","30","","","","Mountain Buggy","Juno Infant Insert",""
"B10A0652","Carrier Accessories & Other","","MontCo (City1)","","Ergo Mesh Cream Insert","","Cream mesh","30","","","","","",""
"B10A0653","Carrier Accessories & Other","","South Philly (City2)","","Ergo Infant Insert - Natural","","Natural","30","","","","","",""
"B10A0654","Carrier Accessories & Other","","","","Lillebaby Back Support - Black","","Black","30","","","","","",""
"B10A0656","Carrier Accessories & Other","","ChesCo","","Ergo Suck Pads Cream","","","30","","","","","",""
"B10A0657","Carrier Accessories & Other","","MontCo (City1)","MontCo (City1)","Beco Cream Suckpads","","Cream","30","","","","Beco","Suck pads","OS"
"B10A0658","Carrier Accessories & Other","","ChesCo","","Beco Cream Suckpads","","","30","","","","","",""
"B10A0659","Carrier Accessories & Other","","MontCo (City1)","MontCo (City1)","Catbird Baby Piccolo Support Belt","","Black","30","","","","Catbird Baby","Support Belt","OS"
"B10A0660","Carrier Accessories & Other","","ChesCo","","Ergo Suck Pads Cream","","","30","","","","","",""
"B10A0661","Carrier Accessories & Other","","ChesCo","","Black Fleece Suckpads","","","30","","","","","",""
"B10A0662","Carrier Accessories & Other","","ChesCo","","My Tiny Bloom Blue Anchor Suck Pads","","Blue Anchors and Blue Plaid","30","","","","","",""
"B10A0663","Carrier Accessories & Other","","ChesCo","","Lillebaby Stirrups","","","30","","","","","",""
"B10A0664","Carrier Accessories & Other","","ChesCo","","Home Faking It Blue and Red Plaid Suck Pad","","","30","","","","","",""
"B10A0665","Carrier Accessories & Other","","South Philly (City2)","","Ergo Suck Pads Cream","","","30","","","","","",""
"B10A0666","Carrier Accessories & Other","","MontCo (City1)","","Beco Soleil Infant Insert Stella","","Stella Brown","30","","","","Beco","Soleil Infant Insert",""
"B10A0667","Carrier Accessories & Other","","South Philly (City2)","","Beco Soleil Infant Insert Stella","","Stella Brown","30","","","","","",""
"B10A0668","Carrier Accessories & Other","","South Philly (City2)","","Beco Suck Pads Cream Terrycloth","","","30","","","","","",""
"B10A0669","Carrier Accessories & Other","","DelCo","","Boba Stirrups","","Tan and Brown","30","","","","","",""
"B10A0670","Carrier Accessories & Other","","DelCo","","Ergobaby Waist Extender","","Black webbing","30","","","","","",""
"B10A0671","Carrier Accessories & Other","","ChesCo","","Mountain Buggy Juno Icepack","","Blue ice pack","30","","","","","",""
"B10A0680","Carrier Accessories & Other","","MontCo (City1)","MontCo (City1)","Suck pads","","Cream","30","<p>Cream cotton suck pads</p>","","","","",""
"B10A0900","Carrier Accessories & Other","","","","Babywearing Demo Doll - white, no hair, blue eyes, weighted","","","30","","https://myturn-prod-images-in.s3.amazonaws.com/0/1370/item/298903/image/image-E9868D80-6C9E-14EA-DDB7-B98450DB553C.jpg","","","",""
"B10A0901","Carrier Accessories & Other","","","","Babywearing Demo Doll - black with curly hair, earrings, brown eyes","","","30","","","","","",""
"B10A0902","Carrier Accessories & Other","","","","Babywearing Demo Doll - white with brown hair","","","30","","","","","",""
"B10A0903","Carrier Accessories & Other","","","","Babywearing Demo Doll - white, no hair, blue eyes, gummy smile, weighted","","","30","","","","","",""
"B10A0904","Carrier Accessories & Other","","","","Babywearing Demo Doll - White, red hair, purple eyes, newborn weight","","","30","","","","","",""
"B10A0905","Carrier Accessories & Other","","","","Babywearing Demo Doll - Brown, no hair, brown eyes, weighted","","","30","","","","","",""
"B10A0906","Carrier Accessories & Other","","","","Babywearing Demo Doll - White, no hair, blue eyes, no weight","","","30","","","","","",""
"B10A0907","Carrier Accessories & Other","","","","Babywearing Demo Doll - white, no hair, blue eyes, gummy smile, weighted","","","30","","","","","",""
"B10A0908","Carrier Accessories & Other","","","","Babywearing Demo Doll - white, brown hair, blue eyes, no weight","","","30","","","","","",""
"B10A0909","Carrier Accessories & Other","","","","Babywearing Demo Doll - white, half bald with brown hair, sleeping, weighted with battery pack","","","30","","https://myturn-prod-images-in.s3.amazonaws.com/0/1370/item/298912/image/image-ED1EB853-5535-A3EB-86C8-072C6DE37080.jpg","","","",""
"B10A0910","Ring Slings","Disabled","DelCo","DelCo","Whisper woven rs sizer","","Maroon","30","<p>Do not check out</p>","https://myturn-prod-images-in.s3.amazonaws.com/0/1370/item/---/image/image-16D6DF92-6A6D-ACFE-A4C8-90AE97F93D65.jpg","","Whisper woven","Rs","Sizer"
"B10Axxxx","Carrier Accessories & Other","To Be Sold","","","BabyPeta Blue Stretchy Wrap","","Purple Linen","30","","","","","",""
"B10B0001","Ring Slings","","Camp Hill","","Beco","","","30","","","","","",""
"B10B0002","Buckle Carriers","","Camp Hill","","Bitty Bean","","","30","","","","","",""
"B10B0003","Ring Slings","","Camp Hill","","Butterfly Baby Co CUTS Blue","","","30","","","","","",""
"B10B0004","Wrap Carriers","","Camp Hill","","Butterfly Baby Co Dreamer 3","","","30","","","","","",""
"B10B0005","Wrap Carriers","","Camp Hill","","Didymos Gingkos 5","","","30","","","","","",""
"B10B0006","Wrap Carriers","","Camp Hill","","Didymos Jonas 5","","","30","","","","","",""
"B10B0007","Wrap Carriers","","Camp Hill","","Didymos Katja 4","","","30","","","","","",""
"B10B0008","Ring Slings","","Camp Hill","","Didymos Till","","","30","","","","","",""
"B10B0009","Buckle Carriers","","Camp Hill","","ErgoBaby Performance","","","30","","","","","",""
"B10B0010","Wrap Carriers","","Camp Hill","","FireSpiral Seafoam 6","","","30","","","","","",""
"B10B0011","Wrap Carriers","","Camp Hill","","Girasol Lilia 6","","","30","","","","","",""
"B10B0012","Pouch Carriers","","Camp Hill","","Hot Slings","","","30","","","","","",""
"B10B0013","Asian Inspired Carriers","","Camp Hill","","Infantino","","","30","","","","","",""
"B10B0014","Buckle Carriers","To Be Sold,Disabled","Camp Hill","","Kinderpack Preschool","","","30","","","","","",""
"B10B0015","Asian Inspired Carriers","","Camp Hill","","Kozy Carrier","","","30","","","","","",""
"B10B0016","Asian Inspired Carriers","","Camp Hill","","Kozy Carrier","","","30","","","","","",""
"B10B0017","Buckle Carriers","","Camp Hill","","Lillebaby Airflow Complete","","","30","","","","","",""
"B10B0018","Buckle Carriers","","Camp Hill","","Lillebaby All Seasons","","","30","","","","","",""
"B10B0019","Buckle Carriers","","Camp Hill","","Lillebaby Original","","","30","","","","","",""
"B10B0020","Ring Slings","","Camp Hill","","Little Frog","","","30","","","","","",""
"B10B0021","Pouch Carriers","","Camp Hill","","Mamma's Milk","","","30","","","","","",""
"B10B0022","Ring Slings","","Camp Hill","","Maya Wrap","","","30","","","","","",""
"B10B0023","Wrap Carriers","","Camp Hill","","Natibaby Quadroses 2","","","30","","","","","",""
"B10B0024","Buckle Carriers","","Camp Hill","","OnyaBaby Outback","","","30","","","","","",""
"B10B0025","Wrap Carriers","","Camp Hill","","Tekhni Olympus 6","","","30","","","","","",""
"B10B0026","Wrap Carriers","","Camp Hill","","Toto Kikoy","","","30","","","","","",""
"B10B0027","Buckle Carriers","","Camp Hill","","Tula Standard","","","30","","","","","",""
"B10B0028","Buckle Carriers","","Camp Hill","","Tula Toddler","","","30","","","","","",""
"B10B0029","Wrap Carriers","","Camp Hill","","Wood and Woven Dyed 4","","","30","","","","","",""
"B10B0030","Wrap Carriers","","Camp Hill","","Wrap Nap Fairy 7","","","30","","","","","",""
"B10B0031","Wrap Carriers","","Lancaster","","Bebina Karo","","","30","","https://myturn-prod-images-in.s3.amazonaws.com/0/1370/item/298949/image/20190226_094123-8AA028A1-DAF9-F70A-F76D-FF1FD90D15F3.jpg","","","",""
"B10B0032","Buckle Carriers","","Lancaster","","Beco Soleil","","Micah","30","","https://myturn-prod-images-in.s3.amazonaws.com/0/1370/item/298950/image/20190411_115723-B37F99D4-B207-C6C4-D468-7406A877EBB7.jpg","","Beco","Soleil",""
"B10B0033","Wrap Carriers","","Lancaster","Lancaster","Butterfly baby company (Vaquero) Cabana under the sun","","","30","","https://myturn-prod-images-in.s3.amazonaws.com/0/1370/item/298951/image/20190226_093248-779778CF-6962-8AF8-C273-5C9C8A53EB9A.jpg","","","","3"
"B10B0034","Wrap Carriers","","Lancaster","","Butterfly baby company (Vaquero) Grey dreamer","","","30","","https://myturn-prod-images-in.s3.amazonaws.com/0/1370/item/298952/image/20190411_115458-8B4EF588-7F7B-2F32-6250-B2909263C56E.jpg","","","","5, 173"""
"B10B0035","Ring Slings","","Lancaster","","Butterfly Baby Company Yellow Gatsby Ring Sling","","Yellow","30","","https://myturn-prod-images-in.s3.amazonaws.com/0/1370/item/298953/image/20190226_094924-EE667CA7-3229-2F38-8EB2-05B384CBFC5E.jpg","","","",""
"B10B0036","Wrap Carriers","Disabled","Lancaster","","Butterfly baby company(Vaquero) Grey dreamer","","","30","","","","","",""
"B10B0037","Buckle Carriers","Disabled","Lancaster","","Chimparoo","","","30","","","","","",""
"B10B0038","Buckle Carriers","","Lancaster","","Ergobaby Original","","","30","","","","","",""
"B10B0039","Wrap Carriers","","Lancaster","","Hoppediz Oslo","","","30","","","","","",""
"B10B0040","Asian Inspired Carriers","","Lancaster","","Infantino","","","30","","","","","",""
"B10B0041","Buckle Carriers","","Lancaster","","Lillebaby","","","30","","","","","",""
"B10B0042","Pouch Carriers","","Lancaster","","Seven Slings","","","30","","","","","",""
"B10B0043","Ring Slings","","Lancaster","","Sleeping Baby Production","","","30","","","","","",""
"B10B0044","Buckle Carriers","","Lancaster","","Tula Standard","","Equilateral","30","","https://myturn-prod-images-in.s3.amazonaws.com/0/1370/item/298962/image/20190411_105033-C5CB6AF5-44BA-EFA3-EFD0-D5DC53AA0812.jpg","","Tula","Standard","Standard"
"B10B0045","Buckle Carriers","","Waynesboro","","Beco Gemini","","","30","","","","","",""
"B10B0046","Ring Slings","","Waynesboro","","Beco Ring Sling","","","30","","","","","",""
"B10B0047","Ring Slings","","Waynesboro","","Butterfly Baby Cabana Under the Sun WCRS","","","30","","","","","",""
"B10B0048","Wrap Carriers","","Waynesboro","","Butterfly Baby Grey Dreamer, Size 5","","","30","","","","","",""
"B10B0049","Wrap Carriers","","Waynesboro","","Butterfly Baby Sun Dreamer, Size 4","","","30","","","","","",""
"B10B0050","Wrap Carriers","","Waynesboro","","Doeck Tulipa Rossa, Size 6","","","30","","","","","",""
"B10B0051","Buckle Carriers","","Waynesboro","","Ergo 360","","","30","","","","","",""
"B10B0052","Buckle Carriers","","Waynesboro","","Ergo Original","","","30","","","","","",""
"B10B0053","Wrap Carriers","","Waynesboro","","Firespiral Teaching Wrap, Size 4","","","30","","","","","",""
"B10B0054","Buckle Carriers","","Waynesboro","","Lillebaby Organic Complete","","","30","","","","","",""
"B10B0055","Buckle Carriers","","Waynesboro","","Lillebaby Airflow Complete","","","30","","","","","",""
"B10B0056","Ring Slings","","Waynesboro","","Maya Ring Sling","","","30","","","","","",""
"B10B0057","Wrap Carriers","","Waynesboro","","Moby","","","30","","","","","",""
"B10B0058","Wrap Carriers","","Waynesboro","","Pavo Surf Stripes, Size 2","","","30","","","","","",""
"B10B0059","Buckle Carriers","","Waynesboro","","Tula Standard","","","30","","","","","",""
"B10B0060","Buckle Carriers","","Waynesboro","","Tula Toddler","","","30","","","","","",""
"B10B0061","Other Baby Carriers","Disabled","York","","Bedina White","","","30","","","","","",""
"B10B0062","Buckle Carriers","","York","","Beco Gemini","","","30","","","","","",""
"B10B0063","Buckle Carriers","Disabled","York","","Beco Soleil","","","30","","","","","",""
"B10B0064","Buckle Carriers","Disabled","York","","Boba 3G","","","30","","","","","",""
"B10B0065","Other Baby Carriers","","York","York","Butterfly Baby Cabana Under the Sun Blue","","Blue weft","30","","https://myturn-prod-images-in.s3.amazonaws.com/0/1370/item/298983/image/20190425_101712-8C5BF9C8-69E1-3A28-95BF-292A914EE5D9.jpg","","Butterfly Baby Co","Cabana Under the Sun","4"
"B10B0066","Ring Slings","","York","York","Butterfly Baby Cabana Under the Sun Yellow WCRS","","Yellow weft","30","<p>Pleated shoulder</p>","https://myturn-prod-images-in.s3.amazonaws.com/0/1370/item/298984/image/20190425_102038-5B18ADEC-8C50-3098-450B-6A3031821A50.jpg","","Butterfly Baby Co / Sleeping Baby Productions","Cabana Under the Sun pleated shoulder ring sling","L"
"B10B0067","Other Baby Carriers","","York","York","Butterfly Baby Green Dreamer","","Green","30","","https://myturn-prod-images-in.s3.amazonaws.com/0/1370/item/298985/image/20190425_102445-723BA8FF-CEA6-328A-F014-0DBF4CF2815C.jpg","","Butterfly Baby Co","Dreamer","6"
"B10B0068","Other Baby Carriers","","York","York","Butterfly Baby Grey Dreamer","","Grey","30","","https://myturn-prod-images-in.s3.amazonaws.com/0/1370/item/298986/image/20190425_104549-B23726D0-41F1-B471-D9CC-333131877578.jpg","","Butterfly Baby Co","Dreamer","5"
"B10B0069","Other Baby Carriers","","York","York","Didymos Anthracite Hemp Prima Dyed","","","30","","https://myturn-prod-images-in.s3.amazonaws.com/0/1370/item/298987/image/20190425_102756-DD255B9D-8E24-C141-A0C1-05EF3A0146C0.jpg","","Didymos","","6"
"B10B0070","Other Baby Carriers","","York","","Didymos Blue Nino","","","30","","","","","",""
"B10B0071","Ring Slings","Disabled","York","","Didymos Double Face Emerald","","","30","","","","","",""
"B10B0072","Other Baby Carriers","","York","","Didymos Olaf","","","30","","","","","",""
"B10B0073","Ring Slings","","York","York","Didymos Till","","Till","30","<p>Eesti shoulder</p>","https://myturn-prod-images-in.s3.amazonaws.com/0/1370/item/298991/image/20190425_103418-FF2B839D-1163-DD53-BD72-91AD9DBA7792.jpg","","Didymos / Sleeping Baby Productions","Till / eesti shoulder","M"
"B10B0074","Other Baby Carriers","","","","Ellevill Jade Wool","","","30","","","","","",""
"B10B0075","Buckle Carriers","Disabled","York","","Ergo","","","30","","","","","",""
"B10B0076","Asian Inspired Carriers","","York","York","Girasol MySol","","Pink","30","","https://myturn-prod-images-in.s3.amazonaws.com/0/1370/item/298994/image/20190425_105746-A299820B-04CF-7550-7163-86336417FE9E.jpg","","Girasol","MySol",""
"B10B0077","Pouch Carriers","","York","York","Munchkin Jelly Bean sling","","","30","","https://myturn-prod-images-in.s3.amazonaws.com/0/1370/item/298995/image/20190425_110245-1B2D567A-53F1-DE41-4D35-33775D091EB1.jpg","","Munchkin","Jelly Bean Reversible Sling",""
"B10B0078","Asian Inspired Carriers","","York","","Infantino Sash Mei Tai Carrier","","","30","","https://myturn-prod-images-in.s3.amazonaws.com/0/1370/item/298996/image/20190425_110106-DEBC09E4-793B-726F-8D5B-78AB0E2D737E.jpg","","","",""
"B10B0079","Buckle Carriers","","York","","Pognae","","","30","","","","","",""
"B10B0080","Other Baby Carriers","","Lancaster","","Storchenwiege Leo","","","30","","https://myturn-prod-images-in.s3.amazonaws.com/0/1370/item/298998/image/20190226_093715-C675827F-CD49-C2A7-FC04-999DB00C0C83.jpg","","","","2"
"B10B0081","Buckle Carriers","","York","York","Tula Standard","","Black","30","","https://myturn-prod-images-in.s3.amazonaws.com/0/1370/item/298999/image/20190425_105329-901F90C8-6F85-DC8D-4B58-98531D6F7F3F.jpg","","Tula","Standard","Standard"
"B10B0082","Buckle Carriers","","York","York","Tula Toddler","","","30","<p>With hood and suck pads</p>","https://myturn-prod-images-in.s3.amazonaws.com/0/1370/item/299000/image/20190425_104837-BD0A1502-675F-BA23-FD06-FB5AD862E9AC.jpg","","Tula","Toddler","Toddler"
"B10B0083","Wrap Carriers","","Waynesboro","","BB Slen Pumpkin, Size 6","","","30","","","","","",""
"B10B0084","Full Buckle Carriers","","York","York","Lillebaby","","","30","","","","","",""
"B10B0085","Wrap Carriers","","Waynesboro","Waynesboro","Bijou Stella, Size 3","","","30","","","","","",""
"B10B0086","Buckle Carriers","","Waynesboro","Waynesboro","Ergo ADAPT","","","30","","","","","",""
"B10B0087","Full Buckle Carriers","","Waynesboro","Waynesboro","Lillebaby Complete Airflow (Black)","","","30","","","","","",""
"B10B0088","Woven Wrap Carriers","","York","York","Bijou Stella - Mint Green","","Mint Green","30","","https://myturn-prod-images-in.s3.amazonaws.com/0/1370/item/299006/image/20190425_101155-AFC205D7-18CB-E649-FA31-A4DDDFB8FAB1.jpg","","Bijou","Stella","6"
"B10B0089","Full Buckle Carriers","","Waynesboro","Waynesboro","MiaMily Hipster Plus","","","30","","","","","",""
"B10B0090","Asian Inspired Carriers","","Waynesboro","Waynesboro","Infantino Sash Mei Tai Baby Carrier","","","30","","","","","",""
"B10B0091","Full Buckle Carriers","","Waynesboro","Waynesboro","Mountain Buggy Juno Baby Carrier","","","30","","","","","",""
"B10B0092","Carrier Accessories & Other","","Waynesboro","Waynesboro","Juno Carrier Gel Cooler Pack","","","30","","","","","",""
"B10B0093","Carrier Accessories & Other","","Waynesboro","Waynesboro","Juno Carrier Teething Pads","","","30","","","","","",""
"B10B0094","Carrier Accessories & Other","","Waynesboro","Waynesboro","Juno Carrier Infant Insert","","","30","","","","","",""
"B10B0095","Ring Slings","","Waynesboro","Waynesboro","Wildbird Meadowlark Ring Sling","","","30","","","","","",""
"B10B0096","Full Buckle Carriers","","Waynesboro","Waynesboro","Tula Free-to-Grow (Wonder)","","","30","","","","","",""
"B10B0097","Full Buckle Carriers","","Lancaster","Lancaster","Tula Free-to-Grow (Discover)","","","30","","","","","",""
"B10B0098","Water Baby Carriers","","Waynesboro","Waynesboro","Mesh Water Ring Sling","","","30","","","","","",""
"B10B0099","Wrap Carriers","","Lancaster","","Bijou Stella, Size 5","","","30","","https://myturn-prod-images-in.s3.amazonaws.com/0/1370/item/299017/image/20190226_091827-D6601A9E-4B23-90B6-02A8-9672CA52291E.jpg","","","",""
"B10B0100","Full Buckle Carriers","","Lancaster","Lancaster","MJ Baby Carrier","","Black/typewriter with mesh","30","","https://myturn-prod-images-in.s3.amazonaws.com/0/1370/item/299018/image/15549936071261474816186449111729-A8E8B60E-5814-731E-0D7B-ADBE6A39A835.jpg","","MJ","Big Kid","Big Kid"
"B10B0101","Full Buckle Carriers","","York","York","Tula Free-to-Grow (Soar)","","Soar","30","","https://myturn-prod-images-in.s3.amazonaws.com/0/1370/item/299019/image/20190425_103116-410F10F2-7C10-C01A-C053-92DD8B7609D1.jpg","","Tula","Free-to-Grow",""
"B10B0102","Baby Carriers","","Lancaster","","Tula Ring Sling","","","30","","","","","",""
"B10B0103","Baby Carriers","Disabled","York","Lancaster","Ergo Omni 360","","","30","","","","","",""
"B10B0104","Buckle Carriers","","Lancaster","","Tula","","Coral Reef","30","","https://myturn-prod-images-in.s3.amazonaws.com/0/1370/item/299022/image/20190411_110036-78BB3631-4392-503F-0210-30B6D6BCBDF4.jpg","","Tula","Standard","Standard"
"B10B0105","Pouch Carriers","","Waynesboro","Waynesboro","Seven Slings Pouch Sling","","","30","","","","","",""
"B10B0106","Stretchy Wrap Carriers","","Waynesboro","Waynesboro","Moby","","","30","","","","","",""
"B10B0107","Water Baby Carriers","","Lancaster","Lancaster","Mesh Water Ring Sling","","","30","","","","","",""
"B10B0108","Woven Wrap Carriers","","Camp Hill","Camp Hill","Bijou Stella 6","","","30","","","","","",""
"B10B0109","Full Buckle Carriers","","Lancaster","Lancaster","Tula Explore","","","30","","","","Tula","Explore",""
"B10B0110","Half Buckle Carriers","","Lancaster","Lancaster","XOXO","","Grey","30","","","","XOXO","",""
"B10B0112","Woven Wrap Carriers","","Lancaster","Lancaster","Lalu Wovens Volare Indigo 7","","","30","","https://myturn-prod-images-in.s3.amazonaws.com/0/1370/item/---/image/20190226_092332-4804FECB-F56F-78EC-E08F-E32FC5AF626C.jpg","","Lalu Wovens","Volare Indigo","7"
"B10B0113","Full Buckle Carriers","","York","York","Tula Explore","","Forever","30","","https://myturn-prod-images-in.s3.amazonaws.com/0/1370/item/---/image/20190425_110827-816C4628-F6DA-FC66-930C-E728C4595DB7.jpg","","Tula","Explore",""
"B10B0114","Woven Wrap Carriers","","York","York","Lalu Wovens Quaintrelle 7","","","30","","","","Lalu Wovens","Volare Indigo","7"
